{"cameraMode":{"drawMode":0,"name":"Shaded","section":"Shading Mode"},"sceneLighting":true,"audioPlay":false,"sceneViewState":{"m_AlwaysRefresh":false,"showFog":true,"showSkybox":true,"showFlares":true,"showImageEffects":true,"showParticleSystems":true,"showVisualEffectGraphs":true,"m_FxEnabled":true},"in2DMode":false,"pivot":{"x":-4.680000305175781,"y":11.770000457763672,"z":-22.030000686645509},"rotation":{"x":-0.2857040762901306,"y":0.022128717973828317,"z":-0.006614288780838251,"w":-0.9580787420272827},"size":6.977488040924072,"orthographic":false}